{
	"BUILD_DIR" : "C:/Users/Lee/Documents/C++/build-Complete3-Desktop_Qt_6_1_3_MinGW_64_bit-Debug/Complete3_autogen",
	"CMAKE_BINARY_DIR" : "C:/Users/Lee/Documents/C++/build-Complete3-Desktop_Qt_6_1_3_MinGW_64_bit-Debug",
	"CMAKE_CURRENT_BINARY_DIR" : "C:/Users/Lee/Documents/C++/build-Complete3-Desktop_Qt_6_1_3_MinGW_64_bit-Debug",
	"CMAKE_CURRENT_SOURCE_DIR" : "C:/Users/Lee/Documents/C++/Complete3",
	"CMAKE_EXECUTABLE" : "C:/Qt/Tools/CMake_64/bin/cmake.exe",
	"CMAKE_LIST_FILES" : 
	[
		"C:/Users/Lee/Documents/C++/Complete3/CMakeLists.txt",
		"C:/Qt/Tools/QtCreator/share/qtcreator/package-manager/auto-setup.cmake",
		"C:/Users/Lee/Documents/C++/build-Complete3-Desktop_Qt_6_1_3_MinGW_64_bit-Debug/CMakeFiles/3.21.1/CMakeSystem.cmake",
		"C:/Qt/Tools/CMake_64/share/cmake-3.21/Modules/CMakeSystemSpecificInitialize.cmake",
		"C:/Users/Lee/Documents/C++/build-Complete3-Desktop_Qt_6_1_3_MinGW_64_bit-Debug/CMakeFiles/3.21.1/CMakeCXXCompiler.cmake",
		"C:/Qt/Tools/CMake_64/share/cmake-3.21/Modules/CMakeSystemSpecificInformation.cmake",
		"C:/Qt/Tools/CMake_64/share/cmake-3.21/Modules/CMakeGenericSystem.cmake",
		"C:/Qt/Tools/CMake_64/share/cmake-3.21/Modules/CMakeInitializeConfigs.cmake",
		"C:/Qt/Tools/CMake_64/share/cmake-3.21/Modules/Platform/Windows.cmake",
		"C:/Qt/Tools/CMake_64/share/cmake-3.21/Modules/Platform/WindowsPaths.cmake",
		"C:/Qt/Tools/CMake_64/share/cmake-3.21/Modules/CMakeCXXInformation.cmake",
		"C:/Qt/Tools/CMake_64/share/cmake-3.21/Modules/CMakeLanguageInformation.cmake",
		"C:/Qt/Tools/CMake_64/share/cmake-3.21/Modules/Compiler/GNU-CXX.cmake",
		"C:/Qt/Tools/CMake_64/share/cmake-3.21/Modules/Compiler/GNU.cmake",
		"C:/Qt/Tools/CMake_64/share/cmake-3.21/Modules/Compiler/CMakeCommonCompilerMacros.cmake",
		"C:/Qt/Tools/CMake_64/share/cmake-3.21/Modules/Platform/Windows-GNU-CXX.cmake",
		"C:/Qt/Tools/CMake_64/share/cmake-3.21/Modules/Platform/Windows-GNU.cmake",
		"C:/Users/Lee/Documents/C++/build-Complete3-Desktop_Qt_6_1_3_MinGW_64_bit-Debug/CMakeFiles/3.21.1/CMakeRCCompiler.cmake",
		"C:/Qt/Tools/CMake_64/share/cmake-3.21/Modules/CMakeRCInformation.cmake",
		"C:/Qt/Tools/CMake_64/share/cmake-3.21/Modules/Platform/Windows-windres.cmake",
		"C:/Qt/Tools/CMake_64/share/cmake-3.21/Modules/Platform/Windows-GNU-CXX-ABI.cmake",
		"C:/Qt/Tools/CMake_64/share/cmake-3.21/Modules/CMakeCommonLanguageInclude.cmake",
		"C:/Qt/6.1.3/mingw81_64/lib/cmake/Qt6/Qt6ConfigVersion.cmake",
		"C:/Qt/6.1.3/mingw81_64/lib/cmake/Qt6/Qt6Config.cmake",
		"C:/Qt/6.1.3/mingw81_64/lib/cmake/Qt6/Qt6Targets.cmake",
		"C:/Qt/6.1.3/mingw81_64/lib/cmake/Qt6/Qt6VersionlessTargets.cmake",
		"C:/Qt/Tools/CMake_64/share/cmake-3.21/Modules/CMakeFindDependencyMacro.cmake",
		"C:/Qt/6.1.3/mingw81_64/lib/cmake/Qt6/Qt6Dependencies.cmake",
		"C:/Qt/Tools/CMake_64/share/cmake-3.21/Modules/FindThreads.cmake",
		"C:/Qt/Tools/CMake_64/share/cmake-3.21/Modules/CheckLibraryExists.cmake",
		"C:/Qt/Tools/CMake_64/share/cmake-3.21/Modules/CheckIncludeFileCXX.cmake",
		"C:/Qt/Tools/CMake_64/share/cmake-3.21/Modules/CheckCXXSourceCompiles.cmake",
		"C:/Qt/Tools/CMake_64/share/cmake-3.21/Modules/Internal/CheckSourceCompiles.cmake",
		"C:/Qt/Tools/CMake_64/share/cmake-3.21/Modules/FindPackageHandleStandardArgs.cmake",
		"C:/Qt/Tools/CMake_64/share/cmake-3.21/Modules/FindPackageMessage.cmake",
		"C:/Qt/6.1.3/mingw81_64/lib/cmake/Qt6/Qt6ConfigVersion.cmake",
		"C:/Qt/6.1.3/mingw81_64/lib/cmake/Qt6/Qt6Config.cmake",
		"C:/Qt/6.1.3/mingw81_64/lib/cmake/Qt6/Qt6Targets.cmake",
		"C:/Qt/6.1.3/mingw81_64/lib/cmake/Qt6/Qt6VersionlessTargets.cmake",
		"C:/Qt/Tools/CMake_64/share/cmake-3.21/Modules/CMakeFindDependencyMacro.cmake",
		"C:/Qt/6.1.3/mingw81_64/lib/cmake/Qt6/Qt6Dependencies.cmake",
		"C:/Qt/Tools/CMake_64/share/cmake-3.21/Modules/FindThreads.cmake",
		"C:/Qt/Tools/CMake_64/share/cmake-3.21/Modules/CheckLibraryExists.cmake",
		"C:/Qt/Tools/CMake_64/share/cmake-3.21/Modules/CheckIncludeFileCXX.cmake",
		"C:/Qt/Tools/CMake_64/share/cmake-3.21/Modules/CheckCXXSourceCompiles.cmake",
		"C:/Qt/Tools/CMake_64/share/cmake-3.21/Modules/FindPackageHandleStandardArgs.cmake",
		"C:/Qt/Tools/CMake_64/share/cmake-3.21/Modules/FindPackageMessage.cmake",
		"C:/Qt/6.1.3/mingw81_64/lib/cmake/Qt6Widgets/Qt6WidgetsConfigVersion.cmake",
		"C:/Qt/6.1.3/mingw81_64/lib/cmake/Qt6Widgets/Qt6WidgetsConfig.cmake",
		"C:/Qt/Tools/CMake_64/share/cmake-3.21/Modules/CMakeFindDependencyMacro.cmake",
		"C:/Qt/6.1.3/mingw81_64/lib/cmake/Qt6Widgets/Qt6WidgetsDependencies.cmake",
		"C:/Qt/6.1.3/mingw81_64/lib/cmake/Qt6/Qt6ConfigVersion.cmake",
		"C:/Qt/6.1.3/mingw81_64/lib/cmake/Qt6/Qt6Config.cmake",
		"C:/Qt/6.1.3/mingw81_64/lib/cmake/Qt6/Qt6Targets.cmake",
		"C:/Qt/6.1.3/mingw81_64/lib/cmake/Qt6/Qt6VersionlessTargets.cmake",
		"C:/Qt/Tools/CMake_64/share/cmake-3.21/Modules/CMakeFindDependencyMacro.cmake",
		"C:/Qt/6.1.3/mingw81_64/lib/cmake/Qt6/Qt6Dependencies.cmake",
		"C:/Qt/Tools/CMake_64/share/cmake-3.21/Modules/FindThreads.cmake",
		"C:/Qt/Tools/CMake_64/share/cmake-3.21/Modules/CheckLibraryExists.cmake",
		"C:/Qt/Tools/CMake_64/share/cmake-3.21/Modules/CheckIncludeFileCXX.cmake",
		"C:/Qt/Tools/CMake_64/share/cmake-3.21/Modules/CheckCXXSourceCompiles.cmake",
		"C:/Qt/Tools/CMake_64/share/cmake-3.21/Modules/FindPackageHandleStandardArgs.cmake",
		"C:/Qt/Tools/CMake_64/share/cmake-3.21/Modules/FindPackageMessage.cmake",
		"C:/Qt/6.1.3/mingw81_64/lib/cmake/Qt6WidgetsTools/Qt6WidgetsToolsConfigVersion.cmake",
		"C:/Qt/6.1.3/mingw81_64/lib/cmake/Qt6WidgetsTools/Qt6WidgetsToolsConfig.cmake",
		"C:/Qt/Tools/CMake_64/share/cmake-3.21/Modules/CMakeFindDependencyMacro.cmake",
		"C:/Qt/6.1.3/mingw81_64/lib/cmake/Qt6WidgetsTools/Qt6WidgetsToolsDependencies.cmake",
		"C:/Qt/6.1.3/mingw81_64/lib/cmake/Qt6CoreTools/Qt6CoreToolsConfigVersion.cmake",
		"C:/Qt/6.1.3/mingw81_64/lib/cmake/Qt6CoreTools/Qt6CoreToolsConfig.cmake",
		"C:/Qt/Tools/CMake_64/share/cmake-3.21/Modules/CMakeFindDependencyMacro.cmake",
		"C:/Qt/6.1.3/mingw81_64/lib/cmake/Qt6CoreTools/Qt6CoreToolsDependencies.cmake",
		"C:/Qt/6.1.3/mingw81_64/lib/cmake/Qt6CoreTools/Qt6CoreToolsTargets.cmake",
		"C:/Qt/6.1.3/mingw81_64/lib/cmake/Qt6CoreTools/Qt6CoreToolsTargets-relwithdebinfo.cmake",
		"C:/Qt/6.1.3/mingw81_64/lib/cmake/Qt6CoreTools/Qt6CoreToolsAdditionalTargetInfo.cmake",
		"C:/Qt/6.1.3/mingw81_64/lib/cmake/Qt6CoreTools/Qt6CoreToolsVersionlessTargets.cmake",
		"C:/Qt/6.1.3/mingw81_64/lib/cmake/Qt6GuiTools/Qt6GuiToolsConfigVersion.cmake",
		"C:/Qt/6.1.3/mingw81_64/lib/cmake/Qt6GuiTools/Qt6GuiToolsConfig.cmake",
		"C:/Qt/Tools/CMake_64/share/cmake-3.21/Modules/CMakeFindDependencyMacro.cmake",
		"C:/Qt/6.1.3/mingw81_64/lib/cmake/Qt6GuiTools/Qt6GuiToolsDependencies.cmake",
		"C:/Qt/6.1.3/mingw81_64/lib/cmake/Qt6GuiTools/Qt6GuiToolsTargets.cmake",
		"C:/Qt/6.1.3/mingw81_64/lib/cmake/Qt6GuiTools/Qt6GuiToolsTargets-relwithdebinfo.cmake",
		"C:/Qt/6.1.3/mingw81_64/lib/cmake/Qt6GuiTools/Qt6GuiToolsAdditionalTargetInfo.cmake",
		"C:/Qt/6.1.3/mingw81_64/lib/cmake/Qt6GuiTools/Qt6GuiToolsVersionlessTargets.cmake",
		"C:/Qt/6.1.3/mingw81_64/lib/cmake/Qt6WidgetsTools/Qt6WidgetsToolsTargets.cmake",
		"C:/Qt/6.1.3/mingw81_64/lib/cmake/Qt6WidgetsTools/Qt6WidgetsToolsTargets-relwithdebinfo.cmake",
		"C:/Qt/6.1.3/mingw81_64/lib/cmake/Qt6WidgetsTools/Qt6WidgetsToolsAdditionalTargetInfo.cmake",
		"C:/Qt/6.1.3/mingw81_64/lib/cmake/Qt6WidgetsTools/Qt6WidgetsToolsVersionlessTargets.cmake",
		"C:/Qt/6.1.3/mingw81_64/lib/cmake/Qt6Core/Qt6CoreConfigVersion.cmake",
		"C:/Qt/6.1.3/mingw81_64/lib/cmake/Qt6Core/Qt6CoreConfig.cmake",
		"C:/Qt/Tools/CMake_64/share/cmake-3.21/Modules/CMakeFindDependencyMacro.cmake",
		"C:/Qt/6.1.3/mingw81_64/lib/cmake/Qt6Core/Qt6CoreDependencies.cmake",
		"C:/Qt/6.1.3/mingw81_64/lib/cmake/Qt6/Qt6ConfigVersion.cmake",
		"C:/Qt/6.1.3/mingw81_64/lib/cmake/Qt6/Qt6Config.cmake",
		"C:/Qt/6.1.3/mingw81_64/lib/cmake/Qt6/Qt6Targets.cmake",
		"C:/Qt/6.1.3/mingw81_64/lib/cmake/Qt6/Qt6VersionlessTargets.cmake",
		"C:/Qt/Tools/CMake_64/share/cmake-3.21/Modules/CMakeFindDependencyMacro.cmake",
		"C:/Qt/6.1.3/mingw81_64/lib/cmake/Qt6/Qt6Dependencies.cmake",
		"C:/Qt/Tools/CMake_64/share/cmake-3.21/Modules/FindThreads.cmake",
		"C:/Qt/Tools/CMake_64/share/cmake-3.21/Modules/CheckLibraryExists.cmake",
		"C:/Qt/Tools/CMake_64/share/cmake-3.21/Modules/CheckIncludeFileCXX.cmake",
		"C:/Qt/Tools/CMake_64/share/cmake-3.21/Modules/CheckCXXSourceCompiles.cmake",
		"C:/Qt/Tools/CMake_64/share/cmake-3.21/Modules/FindPackageHandleStandardArgs.cmake",
		"C:/Qt/Tools/CMake_64/share/cmake-3.21/Modules/FindPackageMessage.cmake",
		"C:/Qt/6.1.3/mingw81_64/lib/cmake/Qt6/FindWrapAtomic.cmake",
		"C:/Qt/Tools/CMake_64/share/cmake-3.21/Modules/CheckCXXSourceCompiles.cmake",
		"C:/Qt/Tools/CMake_64/share/cmake-3.21/Modules/FindPackageHandleStandardArgs.cmake",
		"C:/Qt/Tools/CMake_64/share/cmake-3.21/Modules/FindPackageMessage.cmake",
		"C:/Qt/6.1.3/mingw81_64/lib/cmake/Qt6CoreTools/Qt6CoreToolsConfigVersion.cmake",
		"C:/Qt/6.1.3/mingw81_64/lib/cmake/Qt6CoreTools/Qt6CoreToolsConfig.cmake",
		"C:/Qt/Tools/CMake_64/share/cmake-3.21/Modules/CMakeFindDependencyMacro.cmake",
		"C:/Qt/6.1.3/mingw81_64/lib/cmake/Qt6CoreTools/Qt6CoreToolsDependencies.cmake",
		"C:/Qt/6.1.3/mingw81_64/lib/cmake/Qt6CoreTools/Qt6CoreToolsTargets.cmake",
		"C:/Qt/6.1.3/mingw81_64/lib/cmake/Qt6CoreTools/Qt6CoreToolsAdditionalTargetInfo.cmake",
		"C:/Qt/6.1.3/mingw81_64/lib/cmake/Qt6CoreTools/Qt6CoreToolsVersionlessTargets.cmake",
		"C:/Qt/6.1.3/mingw81_64/lib/cmake/Qt6EntryPoint/Qt6EntryPointConfigVersion.cmake",
		"C:/Qt/6.1.3/mingw81_64/lib/cmake/Qt6EntryPoint/Qt6EntryPointConfig.cmake",
		"C:/Qt/Tools/CMake_64/share/cmake-3.21/Modules/CMakeFindDependencyMacro.cmake",
		"C:/Qt/6.1.3/mingw81_64/lib/cmake/Qt6EntryPoint/Qt6EntryPointTargets.cmake",
		"C:/Qt/6.1.3/mingw81_64/lib/cmake/Qt6EntryPoint/Qt6EntryPointTargets-relwithdebinfo.cmake",
		"C:/Qt/6.1.3/mingw81_64/lib/cmake/Qt6EntryPoint/Qt6EntryPointAdditionalTargetInfo.cmake",
		"C:/Qt/6.1.3/mingw81_64/lib/cmake/Qt6EntryPoint/Qt6EntryPointVersionlessTargets.cmake",
		"C:/Qt/6.1.3/mingw81_64/lib/cmake/Qt6/QtFeature.cmake",
		"C:/Qt/6.1.3/mingw81_64/lib/cmake/Qt6/QtFeatureCommon.cmake",
		"C:/Qt/Tools/CMake_64/share/cmake-3.21/Modules/CheckCXXCompilerFlag.cmake",
		"C:/Qt/Tools/CMake_64/share/cmake-3.21/Modules/CheckCXXSourceCompiles.cmake",
		"C:/Qt/Tools/CMake_64/share/cmake-3.21/Modules/Internal/CheckCompilerFlag.cmake",
		"C:/Qt/Tools/CMake_64/share/cmake-3.21/Modules/Internal/CheckSourceCompiles.cmake",
		"C:/Qt/Tools/CMake_64/share/cmake-3.21/Modules/CMakeCheckCompilerFlagCommonPatterns.cmake",
		"C:/Qt/6.1.3/mingw81_64/lib/cmake/Qt6Core/Qt6CoreTargets.cmake",
		"C:/Qt/6.1.3/mingw81_64/lib/cmake/Qt6Core/Qt6CoreTargets-relwithdebinfo.cmake",
		"C:/Qt/6.1.3/mingw81_64/lib/cmake/Qt6Core/Qt6CoreAdditionalTargetInfo.cmake",
		"C:/Qt/6.1.3/mingw81_64/lib/cmake/Qt6Core/Qt6CoreVersionlessTargets.cmake",
		"C:/Qt/6.1.3/mingw81_64/lib/cmake/Qt6Core/Qt6CoreMacros.cmake",
		"C:/Qt/Tools/CMake_64/share/cmake-3.21/Modules/CMakeParseArguments.cmake",
		"C:/Qt/6.1.3/mingw81_64/lib/cmake/Qt6Core/Qt6CoreConfigExtras.cmake",
		"C:/Qt/6.1.3/mingw81_64/lib/cmake/Qt6/QtFeature.cmake",
		"C:/Qt/6.1.3/mingw81_64/lib/cmake/Qt6/QtFeatureCommon.cmake",
		"C:/Qt/Tools/CMake_64/share/cmake-3.21/Modules/CheckCXXCompilerFlag.cmake",
		"C:/Qt/6.1.3/mingw81_64/lib/cmake/Qt6Gui/Qt6GuiConfigVersion.cmake",
		"C:/Qt/6.1.3/mingw81_64/lib/cmake/Qt6Gui/Qt6GuiConfig.cmake",
		"C:/Qt/Tools/CMake_64/share/cmake-3.21/Modules/CMakeFindDependencyMacro.cmake",
		"C:/Qt/6.1.3/mingw81_64/lib/cmake/Qt6Gui/Qt6GuiDependencies.cmake",
		"C:/Qt/6.1.3/mingw81_64/lib/cmake/Qt6/Qt6ConfigVersion.cmake",
		"C:/Qt/6.1.3/mingw81_64/lib/cmake/Qt6/Qt6Config.cmake",
		"C:/Qt/6.1.3/mingw81_64/lib/cmake/Qt6/Qt6Targets.cmake",
		"C:/Qt/6.1.3/mingw81_64/lib/cmake/Qt6/Qt6VersionlessTargets.cmake",
		"C:/Qt/Tools/CMake_64/share/cmake-3.21/Modules/CMakeFindDependencyMacro.cmake",
		"C:/Qt/6.1.3/mingw81_64/lib/cmake/Qt6/Qt6Dependencies.cmake",
		"C:/Qt/Tools/CMake_64/share/cmake-3.21/Modules/FindThreads.cmake",
		"C:/Qt/Tools/CMake_64/share/cmake-3.21/Modules/CheckLibraryExists.cmake",
		"C:/Qt/Tools/CMake_64/share/cmake-3.21/Modules/CheckIncludeFileCXX.cmake",
		"C:/Qt/Tools/CMake_64/share/cmake-3.21/Modules/CheckCXXSourceCompiles.cmake",
		"C:/Qt/Tools/CMake_64/share/cmake-3.21/Modules/FindPackageHandleStandardArgs.cmake",
		"C:/Qt/Tools/CMake_64/share/cmake-3.21/Modules/FindPackageMessage.cmake",
		"C:/Qt/Tools/CMake_64/share/cmake-3.21/Modules/FindVulkan.cmake",
		"C:/Qt/Tools/CMake_64/share/cmake-3.21/Modules/FindPackageHandleStandardArgs.cmake",
		"C:/Qt/Tools/CMake_64/share/cmake-3.21/Modules/FindPackageMessage.cmake",
		"C:/Qt/6.1.3/mingw81_64/lib/cmake/Qt6GuiTools/Qt6GuiToolsConfigVersion.cmake",
		"C:/Qt/6.1.3/mingw81_64/lib/cmake/Qt6GuiTools/Qt6GuiToolsConfig.cmake",
		"C:/Qt/Tools/CMake_64/share/cmake-3.21/Modules/CMakeFindDependencyMacro.cmake",
		"C:/Qt/6.1.3/mingw81_64/lib/cmake/Qt6GuiTools/Qt6GuiToolsDependencies.cmake",
		"C:/Qt/6.1.3/mingw81_64/lib/cmake/Qt6GuiTools/Qt6GuiToolsTargets.cmake",
		"C:/Qt/6.1.3/mingw81_64/lib/cmake/Qt6GuiTools/Qt6GuiToolsAdditionalTargetInfo.cmake",
		"C:/Qt/6.1.3/mingw81_64/lib/cmake/Qt6GuiTools/Qt6GuiToolsVersionlessTargets.cmake",
		"C:/Qt/6.1.3/mingw81_64/lib/cmake/Qt6Gui/Qt6GuiTargets.cmake",
		"C:/Qt/6.1.3/mingw81_64/lib/cmake/Qt6Gui/Qt6GuiTargets-relwithdebinfo.cmake",
		"C:/Qt/6.1.3/mingw81_64/lib/cmake/Qt6Gui/Qt6GuiAdditionalTargetInfo.cmake",
		"C:/Qt/6.1.3/mingw81_64/lib/cmake/Qt6Gui/Qt6GuiVersionlessTargets.cmake",
		"C:/Qt/6.1.3/mingw81_64/lib/cmake/Qt6/QtFeature.cmake",
		"C:/Qt/6.1.3/mingw81_64/lib/cmake/Qt6/QtFeatureCommon.cmake",
		"C:/Qt/Tools/CMake_64/share/cmake-3.21/Modules/CheckCXXCompilerFlag.cmake",
		"C:/Qt/6.1.3/mingw81_64/lib/cmake/Qt6Widgets/Qt6WidgetsTargets.cmake",
		"C:/Qt/6.1.3/mingw81_64/lib/cmake/Qt6Widgets/Qt6WidgetsTargets-relwithdebinfo.cmake",
		"C:/Qt/6.1.3/mingw81_64/lib/cmake/Qt6Widgets/Qt6WidgetsAdditionalTargetInfo.cmake",
		"C:/Qt/6.1.3/mingw81_64/lib/cmake/Qt6Widgets/Qt6WidgetsVersionlessTargets.cmake",
		"C:/Qt/6.1.3/mingw81_64/lib/cmake/Qt6Widgets/Qt6WidgetsMacros.cmake",
		"C:/Qt/Tools/CMake_64/share/cmake-3.21/Modules/CMakeParseArguments.cmake",
		"C:/Qt/6.1.3/mingw81_64/lib/cmake/Qt6/QtFeature.cmake",
		"C:/Qt/6.1.3/mingw81_64/lib/cmake/Qt6/QtFeatureCommon.cmake",
		"C:/Qt/Tools/CMake_64/share/cmake-3.21/Modules/CheckCXXCompilerFlag.cmake",
		"C:/Qt/6.1.3/mingw81_64/lib/cmake/Qt6Sql/Qt6SqlConfigVersion.cmake",
		"C:/Qt/6.1.3/mingw81_64/lib/cmake/Qt6Sql/Qt6SqlConfig.cmake",
		"C:/Qt/Tools/CMake_64/share/cmake-3.21/Modules/CMakeFindDependencyMacro.cmake",
		"C:/Qt/6.1.3/mingw81_64/lib/cmake/Qt6Sql/Qt6SqlDependencies.cmake",
		"C:/Qt/6.1.3/mingw81_64/lib/cmake/Qt6/Qt6ConfigVersion.cmake",
		"C:/Qt/6.1.3/mingw81_64/lib/cmake/Qt6/Qt6Config.cmake",
		"C:/Qt/6.1.3/mingw81_64/lib/cmake/Qt6/Qt6Targets.cmake",
		"C:/Qt/6.1.3/mingw81_64/lib/cmake/Qt6/Qt6VersionlessTargets.cmake",
		"C:/Qt/Tools/CMake_64/share/cmake-3.21/Modules/CMakeFindDependencyMacro.cmake",
		"C:/Qt/6.1.3/mingw81_64/lib/cmake/Qt6/Qt6Dependencies.cmake",
		"C:/Qt/Tools/CMake_64/share/cmake-3.21/Modules/FindThreads.cmake",
		"C:/Qt/Tools/CMake_64/share/cmake-3.21/Modules/CheckLibraryExists.cmake",
		"C:/Qt/Tools/CMake_64/share/cmake-3.21/Modules/CheckIncludeFileCXX.cmake",
		"C:/Qt/Tools/CMake_64/share/cmake-3.21/Modules/CheckCXXSourceCompiles.cmake",
		"C:/Qt/Tools/CMake_64/share/cmake-3.21/Modules/FindPackageHandleStandardArgs.cmake",
		"C:/Qt/Tools/CMake_64/share/cmake-3.21/Modules/FindPackageMessage.cmake",
		"C:/Qt/6.1.3/mingw81_64/lib/cmake/Qt6Sql/Qt6SqlTargets.cmake",
		"C:/Qt/6.1.3/mingw81_64/lib/cmake/Qt6Sql/Qt6SqlTargets-relwithdebinfo.cmake",
		"C:/Qt/6.1.3/mingw81_64/lib/cmake/Qt6Sql/Qt6SqlAdditionalTargetInfo.cmake",
		"C:/Qt/6.1.3/mingw81_64/lib/cmake/Qt6Sql/Qt6SqlVersionlessTargets.cmake",
		"C:/Qt/6.1.3/mingw81_64/lib/cmake/Qt6/QtFeature.cmake",
		"C:/Qt/6.1.3/mingw81_64/lib/cmake/Qt6/QtFeatureCommon.cmake",
		"C:/Qt/Tools/CMake_64/share/cmake-3.21/Modules/CheckCXXCompilerFlag.cmake",
		"C:/Users/Lee/Documents/C++/Complete3/images.qrc"
	],
	"CMAKE_SOURCE_DIR" : "C:/Users/Lee/Documents/C++/Complete3",
	"DEP_FILE" : "C:/Users/Lee/Documents/C++/build-Complete3-Desktop_Qt_6_1_3_MinGW_64_bit-Debug/Complete3_autogen/deps",
	"DEP_FILE_RULE_NAME" : "Complete3_autogen/timestamp",
	"HEADERS" : 
	[
		[
			"C:/Users/Lee/Documents/C++/Complete3/add_expense.h",
			"MU",
			"EWIEGA46WW/moc_add_expense.cpp",
			null
		],
		[
			"C:/Users/Lee/Documents/C++/Complete3/addcontactdialog.h",
			"MU",
			"EWIEGA46WW/moc_addcontactdialog.cpp",
			null
		],
		[
			"C:/Users/Lee/Documents/C++/Complete3/category.h",
			"MU",
			"EWIEGA46WW/moc_category.cpp",
			null
		],
		[
			"C:/Users/Lee/Documents/C++/Complete3/mainwindow.h",
			"MU",
			"EWIEGA46WW/moc_mainwindow.cpp",
			null
		],
		[
			"C:/Users/Lee/Documents/C++/Complete3/monitoring.h",
			"MU",
			"EWIEGA46WW/moc_monitoring.cpp",
			null
		],
		[
			"C:/Users/Lee/Documents/C++/Complete3/monitoring1.h",
			"MU",
			"EWIEGA46WW/moc_monitoring1.cpp",
			null
		],
		[
			"C:/Users/Lee/Documents/C++/Complete3/monitoring2.h",
			"MU",
			"EWIEGA46WW/moc_monitoring2.cpp",
			null
		],
		[
			"C:/Users/Lee/Documents/C++/Complete3/monitoring3.h",
			"MU",
			"EWIEGA46WW/moc_monitoring3.cpp",
			null
		],
		[
			"C:/Users/Lee/Documents/C++/Complete3/planning.h",
			"MU",
			"EWIEGA46WW/moc_planning.cpp",
			null
		]
	],
	"HEADER_EXTENSIONS" : [ "h", "hh", "h++", "hm", "hpp", "hxx", "in", "txx" ],
	"INCLUDE_DIR" : "C:/Users/Lee/Documents/C++/build-Complete3-Desktop_Qt_6_1_3_MinGW_64_bit-Debug/Complete3_autogen/include",
	"MOC_COMPILATION_FILE" : "C:/Users/Lee/Documents/C++/build-Complete3-Desktop_Qt_6_1_3_MinGW_64_bit-Debug/Complete3_autogen/mocs_compilation.cpp",
	"MOC_DEFINITIONS" : 
	[
		"MINGW_HAS_SECURE_API=1",
		"QT_CORE_LIB",
		"QT_GUI_LIB",
		"QT_SQL_LIB",
		"QT_WIDGETS_LIB",
		"UNICODE",
		"WIN32",
		"WIN64",
		"_ENABLE_EXTENDED_ALIGNED_STORAGE",
		"_UNICODE",
		"_WIN32_WINNT=0x0601",
		"_WIN64"
	],
	"MOC_DEPEND_FILTERS" : 
	[
		[
			"Q_PLUGIN_METADATA",
			"[\n][ \t]*Q_PLUGIN_METADATA[ \t]*\\([^\\)]*FILE[ \t]*\"([^\"]+)\""
		]
	],
	"MOC_INCLUDES" : 
	[
		"C:/Users/Lee/Documents/C++/build-Complete3-Desktop_Qt_6_1_3_MinGW_64_bit-Debug",
		"C:/Users/Lee/Documents/C++/Complete3",
		"C:/Qt/6.1.3/mingw81_64/include/QtCore",
		"C:/Qt/6.1.3/mingw81_64/include",
		"C:/Qt/6.1.3/mingw81_64/mkspecs/win32-g++",
		"C:/Qt/6.1.3/mingw81_64/include/QtWidgets",
		"C:/Qt/6.1.3/mingw81_64/include/QtGui",
		"C:/Qt/6.1.3/mingw81_64/include/QtSql",
		"C:/Qt/Tools/mingw810_64/lib/gcc/x86_64-w64-mingw32/8.1.0/include/c++",
		"C:/Qt/Tools/mingw810_64/lib/gcc/x86_64-w64-mingw32/8.1.0/include/c++/x86_64-w64-mingw32",
		"C:/Qt/Tools/mingw810_64/lib/gcc/x86_64-w64-mingw32/8.1.0/include/c++/backward",
		"C:/Qt/Tools/mingw810_64/lib/gcc/x86_64-w64-mingw32/8.1.0/include",
		"C:/Qt/Tools/mingw810_64/lib/gcc/x86_64-w64-mingw32/8.1.0/include-fixed",
		"C:/Qt/Tools/mingw810_64/x86_64-w64-mingw32/include"
	],
	"MOC_MACRO_NAMES" : [ "Q_OBJECT", "Q_GADGET", "Q_NAMESPACE", "Q_NAMESPACE_EXPORT" ],
	"MOC_OPTIONS" : [],
	"MOC_PATH_PREFIX" : false,
	"MOC_PREDEFS_CMD" : 
	[
		"C:/Qt/Tools/mingw810_64/bin/g++.exe",
		"-dM",
		"-E",
		"-c",
		"C:/Qt/Tools/CMake_64/share/cmake-3.21/Modules/CMakeCXXCompilerABI.cpp"
	],
	"MOC_PREDEFS_FILE" : "C:/Users/Lee/Documents/C++/build-Complete3-Desktop_Qt_6_1_3_MinGW_64_bit-Debug/Complete3_autogen/moc_predefs.h",
	"MOC_RELAXED_MODE" : false,
	"MOC_SKIP" : [],
	"MULTI_CONFIG" : false,
	"PARALLEL" : 4,
	"PARSE_CACHE_FILE" : "C:/Users/Lee/Documents/C++/build-Complete3-Desktop_Qt_6_1_3_MinGW_64_bit-Debug/CMakeFiles/Complete3_autogen.dir/ParseCache.txt",
	"QT_MOC_EXECUTABLE" : "C:/Qt/6.1.3/mingw81_64/./bin/moc.exe",
	"QT_UIC_EXECUTABLE" : "C:/Qt/6.1.3/mingw81_64/./bin/uic.exe",
	"QT_VERSION_MAJOR" : 6,
	"QT_VERSION_MINOR" : 1,
	"SETTINGS_FILE" : "C:/Users/Lee/Documents/C++/build-Complete3-Desktop_Qt_6_1_3_MinGW_64_bit-Debug/CMakeFiles/Complete3_autogen.dir/AutogenUsed.txt",
	"SOURCES" : 
	[
		[ "C:/Users/Lee/Documents/C++/Complete3/add_expense.cpp", "MU", null ],
		[
			"C:/Users/Lee/Documents/C++/Complete3/addcontactdialog.cpp",
			"MU",
			null
		],
		[ "C:/Users/Lee/Documents/C++/Complete3/category.cpp", "MU", null ],
		[ "C:/Users/Lee/Documents/C++/Complete3/main.cpp", "MU", null ],
		[ "C:/Users/Lee/Documents/C++/Complete3/mainwindow.cpp", "MU", null ],
		[ "C:/Users/Lee/Documents/C++/Complete3/monitoring.cpp", "MU", null ],
		[ "C:/Users/Lee/Documents/C++/Complete3/monitoring1.cpp", "MU", null ],
		[ "C:/Users/Lee/Documents/C++/Complete3/monitoring2.cpp", "MU", null ],
		[ "C:/Users/Lee/Documents/C++/Complete3/monitoring3.cpp", "MU", null ],
		[ "C:/Users/Lee/Documents/C++/Complete3/planning.cpp", "MU", null ]
	],
	"UIC_OPTIONS" : [],
	"UIC_SEARCH_PATHS" : [],
	"UIC_SKIP" : [],
	"UIC_UI_FILES" : [],
	"VERBOSITY" : 0
}
