{
	"BUILD_DIR" : "C:/Users/Lee/Documents/C++/build-Complete3-Desktop_Qt_6_1_3_MinGW_64_bit-Debug/Complete3_autogen",
	"CMAKE_BINARY_DIR" : "C:/Users/Lee/Documents/C++/build-Complete3-Desktop_Qt_6_1_3_MinGW_64_bit-Debug",
	"CMAKE_CURRENT_BINARY_DIR" : "C:/Users/Lee/Documents/C++/build-Complete3-Desktop_Qt_6_1_3_MinGW_64_bit-Debug",
	"CMAKE_CURRENT_SOURCE_DIR" : "C:/Users/Lee/Documents/C++/Complete3",
	"CMAKE_SOURCE_DIR" : "C:/Users/Lee/Documents/C++/Complete3",
	"INCLUDE_DIR" : "C:/Users/Lee/Documents/C++/build-Complete3-Desktop_Qt_6_1_3_MinGW_64_bit-Debug/Complete3_autogen/include",
	"INPUTS" : 
	[
		"C:/Users/Lee/Documents/C++/Complete3/resourcefile/MAIN ICON2.png",
		"C:/Users/Lee/Documents/C++/Complete3/resourcefile/background.jpg",
		"C:/Users/Lee/Documents/C++/Complete3/resourcefile/plan.jpg.png",
		"C:/Users/Lee/Documents/C++/Complete3/resourcefile/MAIN ICON.png",
		"C:/Users/Lee/Documents/C++/Complete3/resourcefile/mint.png"
	],
	"LOCK_FILE" : "C:/Users/Lee/Documents/C++/build-Complete3-Desktop_Qt_6_1_3_MinGW_64_bit-Debug/CMakeFiles/Complete3_autogen.dir/AutoRcc_images_EWIEGA46WW_Lock.lock",
	"MULTI_CONFIG" : false,
	"OPTIONS" : [ "-name", "images" ],
	"OUTPUT_CHECKSUM" : "EWIEGA46WW",
	"OUTPUT_NAME" : "qrc_images.cpp",
	"RCC_EXECUTABLE" : "C:/Qt/6.1.3/mingw81_64/./bin/rcc.exe",
	"RCC_LIST_OPTIONS" : [ "--list" ],
	"SETTINGS_FILE" : "C:/Users/Lee/Documents/C++/build-Complete3-Desktop_Qt_6_1_3_MinGW_64_bit-Debug/CMakeFiles/Complete3_autogen.dir/AutoRcc_images_EWIEGA46WW_Used.txt",
	"SOURCE" : "C:/Users/Lee/Documents/C++/Complete3/images.qrc",
	"VERBOSITY" : 0
}
